PC Timestamp,Event Time (ms),CAN ID,DLC,CAN Data,Button State,ADC Value,Packet Counter
2026-09-29 22:47:03.874,28,0x101,8,00 0B 4D 00 01 00 00 1C,RELEASED,2893,1
2026-09-29 22:47:04.907,1060,0x101,8,00 0B 39 00 02 00 04 24,RELEASED,2873,2
2026-09-29 22:47:05.939,2094,0x101,8,01 0B 40 00 03 00 08 2E,PRESSED,2880,3
2026-09-29 22:47:06.973,3127,0x101,8,00 0B 59 00 04 00 0C 37,RELEASED,2905,4
2026-09-29 22:47:08.006,4160,0x101,8,00 0B 2E 00 05 00 10 40,RELEASED,2862,5
2026-09-29 22:47:09.039,5193,0x101,8,00 0B 51 00 06 00 14 49,RELEASED,2897,6
2026-09-29 22:47:10.072,6226,0x101,8,01 0B 32 00 07 00 18 52,PRESSED,2866,7
2026-09-29 22:47:11.105,7260,0x101,8,01 0B 48 00 08 00 1C 5C,PRESSED,2888,8
2026-09-29 22:47:12.139,8293,0x101,8,01 0B 47 00 09 00 20 65,PRESSED,2887,9
2026-09-29 22:47:13.171,9326,0x101,8,01 0B 3A 00 0A 00 24 6E,PRESSED,2874,10
2026-09-29 22:47:14.204,10359,0x101,8,00 0B 53 00 0B 00 28 77,RELEASED,2899,11
2026-09-29 22:47:15.238,11393,0x101,8,00 0B 32 00 0C 00 2C 81,RELEASED,2866,12
