PC Timestamp,Event Time (ms),CAN ID,DLC,CAN Data,Button State,Packet Counter
1000,1000,0x101,8,00 00 00 00 01 00 03 E8,RELEASED,1
1005,1005,0x101,8,00 00 00 00 02 00 03 ED,RELEASED,2
1010,1010,0x101,8,00 00 00 00 03 00 03 F2,RELEASED,3
1015,1015,0x101,8,00 00 00 00 04 00 03 F7,RELEASED,4
1020,1020,0x101,8,00 00 00 00 05 00 03 FC,RELEASED,5
1025,1025,0x101,8,00 00 00 00 06 00 04 01,RELEASED,6
1030,1030,0x101,8,00 00 00 00 07 00 04 06,RELEASED,7
1035,1035,0x101,8,00 00 00 00 08 00 04 0B,RELEASED,8
1040,1040,0x101,8,00 00 00 00 09 00 04 10,RELEASED,9
1045,1045,0x101,8,00 00 00 00 0A 00 04 15,RELEASED,10
1050,1050,0x101,8,00 00 00 00 0B 00 04 1A,RELEASED,11
1055,1055,0x101,8,00 00 00 00 0C 00 04 1F,RELEASED,12
1060,1060,0x101,8,00 00 00 00 0D 00 04 24,RELEASED,13
1065,1065,0x101,8,00 00 00 00 0E 00 04 29,RELEASED,14
1070,1070,0x101,8,00 00 00 00 0F 00 04 2E,RELEASED,15
1075,1075,0x101,8,00 00 00 00 10 00 04 33,RELEASED,16
1080,1080,0x101,8,00 00 00 00 11 00 04 38,RELEASED,17
1085,1085,0x101,8,00 00 00 00 12 00 04 3D,RELEASED,18
1090,1090,0x101,8,00 00 00 00 13 00 04 42,RELEASED,19
1095,1095,0x101,8,00 00 00 00 14 00 04 47,RELEASED,20
1100,1100,0x101,8,00 00 00 00 15 00 04 4C,RELEASED,21
1105,1105,0x101,8,00 00 00 00 16 00 04 51,RELEASED,22
1110,1110,0x101,8,00 00 00 00 17 00 04 56,RELEASED,23
1115,1115,0x101,8,00 00 00 00 18 00 04 5B,RELEASED,24
1120,1120,0x101,8,00 00 00 00 19 00 04 60,RELEASED,25
1125,1125,0x101,8,00 00 00 00 1A 00 04 65,RELEASED,26
1130,1130,0x101,8,00 00 00 00 1B 00 04 6A,RELEASED,27
1135,1135,0x101,8,00 00 00 00 1C 00 04 6F,RELEASED,28
1140,1140,0x101,8,00 00 00 00 1D 00 04 74,RELEASED,29
1145,1145,0x101,8,00 00 00 00 1E 00 04 79,RELEASED,30
1150,1150,0x101,8,00 00 00 00 1F 00 04 7E,RELEASED,31
1155,1155,0x101,8,00 00 00 00 20 00 04 83,RELEASED,32
1160,1160,0x101,8,00 00 00 00 21 00 04 88,RELEASED,33
1165,1165,0x101,8,00 00 00 00 22 00 04 8D,RELEASED,34
1170,1170,0x101,8,00 00 00 00 23 00 04 92,RELEASED,35
1175,1175,0x101,8,00 00 00 00 24 00 04 97,RELEASED,36
1180,1180,0x101,8,00 00 00 00 25 00 04 9C,RELEASED,37
1185,1185,0x101,8,00 00 00 00 26 00 04 A1,RELEASED,38
1190,1190,0x101,8,00 00 00 00 27 00 04 A6,RELEASED,39
1195,1195,0x101,8,00 00 00 00 28 00 04 AB,RELEASED,40
1200,1200,0x101,8,00 00 00 00 29 00 04 B0,RELEASED,41
1205,1205,0x101,8,00 00 00 00 2A 00 04 B5,RELEASED,42
1210,1210,0x101,8,00 00 00 00 2B 00 04 BA,RELEASED,43
1215,1215,0x101,8,00 00 00 00 2C 00 04 BF,RELEASED,44
1220,1220,0x101,8,00 00 00 00 2D 00 04 C4,RELEASED,45
1225,1225,0x101,8,00 00 00 00 2E 00 04 C9,RELEASED,46
1230,1230,0x101,8,00 00 00 00 2F 00 04 CE,RELEASED,47
1235,1235,0x101,8,00 00 00 00 30 00 04 D3,RELEASED,48
1240,1240,0x101,8,00 00 00 00 31 00 04 D8,RELEASED,49
1245,1245,0x101,8,00 00 00 00 32 00 04 DD,RELEASED,50
1250,1250,0x101,8,00 00 00 00 33 00 04 E2,RELEASED,51
1255,1255,0x101,8,00 00 00 00 34 00 04 E7,RELEASED,52
1260,1260,0x101,8,00 00 00 00 35 00 04 EC,RELEASED,53
1265,1265,0x101,8,00 00 00 00 36 00 04 F1,RELEASED,54
1270,1270,0x101,8,00 00 00 00 37 00 04 F6,RELEASED,55
1275,1275,0x101,8,00 00 00 00 38 00 04 FB,RELEASED,56
1280,1280,0x101,8,00 00 00 00 39 00 05 00,RELEASED,57
1285,1285,0x101,8,00 00 00 00 3A 00 05 05,RELEASED,58
1290,1290,0x101,8,00 00 00 00 3B 00 05 0A,RELEASED,59
1295,1295,0x101,8,00 00 00 00 3C 00 05 0F,RELEASED,60
1300,1300,0x101,8,00 00 00 00 3D 00 05 14,RELEASED,61
1305,1305,0x101,8,00 00 00 00 3E 00 05 19,RELEASED,62
1310,1310,0x101,8,00 00 00 00 3F 00 05 1E,RELEASED,63
1315,1315,0x101,8,00 00 00 00 40 00 05 23,RELEASED,64
1320,1320,0x101,8,00 00 00 00 41 00 05 28,RELEASED,65
1325,1325,0x101,8,00 00 00 00 42 00 05 2D,RELEASED,66
1330,1330,0x101,8,00 00 00 00 43 00 05 32,RELEASED,67
1335,1335,0x101,8,00 00 00 00 44 00 05 37,RELEASED,68
1340,1340,0x101,8,00 00 00 00 45 00 05 3C,RELEASED,69
1345,1345,0x101,8,00 00 00 00 46 00 05 41,RELEASED,70
1350,1350,0x101,8,00 00 00 00 47 00 05 46,RELEASED,71
1355,1355,0x101,8,00 00 00 00 48 00 05 4B,RELEASED,72
1360,1360,0x101,8,00 00 00 00 49 00 05 50,RELEASED,73
1365,1365,0x101,8,00 00 00 00 4A 00 05 55,RELEASED,74
1370,1370,0x101,8,00 00 00 00 4B 00 05 5A,RELEASED,75
1375,1375,0x101,8,00 00 00 00 4C 00 05 5F,RELEASED,76
1380,1380,0x101,8,00 00 00 00 4D 00 05 64,RELEASED,77
1385,1385,0x101,8,00 00 00 00 4E 00 05 69,RELEASED,78
1390,1390,0x101,8,00 00 00 00 4F 00 05 6E,RELEASED,79
1395,1395,0x101,8,00 00 00 00 50 00 05 73,RELEASED,80
1400,1400,0x101,8,00 00 00 00 51 00 05 78,RELEASED,81
1405,1405,0x101,8,00 00 00 00 52 00 05 7D,RELEASED,82
1410,1410,0x101,8,00 00 00 00 53 00 05 82,RELEASED,83
1415,1415,0x101,8,00 00 00 00 54 00 05 87,RELEASED,84
1420,1420,0x101,8,00 00 00 00 55 00 05 8C,RELEASED,85
1425,1425,0x101,8,00 00 00 00 56 00 05 91,RELEASED,86
1430,1430,0x101,8,00 00 00 00 57 00 05 96,RELEASED,87
1435,1435,0x101,8,00 00 00 00 58 00 05 9B,RELEASED,88
1440,1440,0x101,8,00 00 00 00 59 00 05 A0,RELEASED,89
1445,1445,0x101,8,00 00 00 00 5A 00 05 A5,RELEASED,90
1450,1450,0x101,8,00 00 00 00 5B 00 05 AA,RELEASED,91
1455,1455,0x101,8,00 00 00 00 5C 00 05 AF,RELEASED,92
1460,1460,0x101,8,00 00 00 00 5D 00 05 B4,RELEASED,93
1465,1465,0x101,8,00 00 00 00 5E 00 05 B9,RELEASED,94
1470,1470,0x101,8,00 00 00 00 5F 00 05 BE,RELEASED,95
1475,1475,0x101,8,00 00 00 00 60 00 05 C3,RELEASED,96
1480,1480,0x101,8,00 00 00 00 61 00 05 C8,RELEASED,97
1485,1485,0x101,8,00 00 00 00 62 00 05 CD,RELEASED,98
1490,1490,0x101,8,00 00 00 00 63 00 05 D2,RELEASED,99
1495,1495,0x101,8,00 00 00 00 64 00 05 D7,RELEASED,100
